{
  "ABIRoot": {
    "kind": "Root",
    "name": "TopLevel",
    "printedName": "TopLevel",
    "children": [
      {
        "kind": "Import",
        "name": "Foundation",
        "printedName": "Foundation",
        "declKind": "Import",
        "moduleName": "Beth"
      },
      {
        "kind": "Import",
        "name": "WebKit",
        "printedName": "WebKit",
        "declKind": "Import",
        "moduleName": "Beth"
      },
      {
        "kind": "TypeDecl",
        "name": "Beth",
        "printedName": "Beth",
        "children": [
          {
            "kind": "Var",
            "name": "apiKey",
            "printedName": "apiKey",
            "children": [
              {
                "kind": "TypeNominal",
                "name": "Optional",
                "printedName": "Swift.String?",
                "children": [
                  {
                    "kind": "TypeNominal",
                    "name": "String",
                    "printedName": "Swift.String",
                    "usr": "s:SS"
                  }
                ],
                "usr": "s:Sq"
              }
            ],
            "declKind": "Var",
            "usr": "c:@M@Beth@objc(cs)Beth(cpy)apiKey",
            "mangledName": "$s4BethAAC6apiKeySSSgvpZ",
            "moduleName": "Beth",
            "static": true,
            "declAttributes": [
              "HasInitialValue",
              "Final",
              "HasStorage",
              "AccessControl",
              "ObjC"
            ],
            "hasStorage": true,
            "accessors": [
              {
                "kind": "Accessor",
                "name": "Get",
                "printedName": "Get()",
                "children": [
                  {
                    "kind": "TypeNominal",
                    "name": "Optional",
                    "printedName": "Swift.String?",
                    "children": [
                      {
                        "kind": "TypeNominal",
                        "name": "String",
                        "printedName": "Swift.String",
                        "usr": "s:SS"
                      }
                    ],
                    "usr": "s:Sq"
                  }
                ],
                "declKind": "Accessor",
                "usr": "c:@M@Beth@objc(cs)Beth(cm)apiKey",
                "mangledName": "$s4BethAAC6apiKeySSSgvgZ",
                "moduleName": "Beth",
                "static": true,
                "implicit": true,
                "declAttributes": [
                  "Final",
                  "ObjC"
                ],
                "accessorKind": "get"
              },
              {
                "kind": "Accessor",
                "name": "Set",
                "printedName": "Set()",
                "children": [
                  {
                    "kind": "TypeNominal",
                    "name": "Void",
                    "printedName": "()"
                  },
                  {
                    "kind": "TypeNominal",
                    "name": "Optional",
                    "printedName": "Swift.String?",
                    "children": [
                      {
                        "kind": "TypeNominal",
                        "name": "String",
                        "printedName": "Swift.String",
                        "usr": "s:SS"
                      }
                    ],
                    "usr": "s:Sq"
                  }
                ],
                "declKind": "Accessor",
                "usr": "c:@M@Beth@objc(cs)Beth(cm)setApiKey:",
                "mangledName": "$s4BethAAC6apiKeySSSgvsZ",
                "moduleName": "Beth",
                "static": true,
                "implicit": true,
                "declAttributes": [
                  "Final",
                  "ObjC"
                ],
                "accessorKind": "set"
              },
              {
                "kind": "Accessor",
                "name": "Modify",
                "printedName": "Modify()",
                "children": [
                  {
                    "kind": "TypeNominal",
                    "name": "Void",
                    "printedName": "()"
                  }
                ],
                "declKind": "Accessor",
                "usr": "s:4BethAAC6apiKeySSSgvMZ",
                "mangledName": "$s4BethAAC6apiKeySSSgvMZ",
                "moduleName": "Beth",
                "static": true,
                "implicit": true,
                "declAttributes": [
                  "Final"
                ],
                "accessorKind": "_modify"
              }
            ]
          },
          {
            "kind": "Var",
            "name": "sessionToken",
            "printedName": "sessionToken",
            "children": [
              {
                "kind": "TypeNominal",
                "name": "Optional",
                "printedName": "Swift.String?",
                "children": [
                  {
                    "kind": "TypeNominal",
                    "name": "String",
                    "printedName": "Swift.String",
                    "usr": "s:SS"
                  }
                ],
                "usr": "s:Sq"
              }
            ],
            "declKind": "Var",
            "usr": "c:@M@Beth@objc(cs)Beth(cpy)sessionToken",
            "mangledName": "$s4BethAAC12sessionTokenSSSgvpZ",
            "moduleName": "Beth",
            "static": true,
            "declAttributes": [
              "HasInitialValue",
              "Final",
              "HasStorage",
              "AccessControl",
              "ObjC"
            ],
            "hasStorage": true,
            "accessors": [
              {
                "kind": "Accessor",
                "name": "Get",
                "printedName": "Get()",
                "children": [
                  {
                    "kind": "TypeNominal",
                    "name": "Optional",
                    "printedName": "Swift.String?",
                    "children": [
                      {
                        "kind": "TypeNominal",
                        "name": "String",
                        "printedName": "Swift.String",
                        "usr": "s:SS"
                      }
                    ],
                    "usr": "s:Sq"
                  }
                ],
                "declKind": "Accessor",
                "usr": "c:@M@Beth@objc(cs)Beth(cm)sessionToken",
                "mangledName": "$s4BethAAC12sessionTokenSSSgvgZ",
                "moduleName": "Beth",
                "static": true,
                "implicit": true,
                "declAttributes": [
                  "Final",
                  "ObjC"
                ],
                "accessorKind": "get"
              },
              {
                "kind": "Accessor",
                "name": "Set",
                "printedName": "Set()",
                "children": [
                  {
                    "kind": "TypeNominal",
                    "name": "Void",
                    "printedName": "()"
                  },
                  {
                    "kind": "TypeNominal",
                    "name": "Optional",
                    "printedName": "Swift.String?",
                    "children": [
                      {
                        "kind": "TypeNominal",
                        "name": "String",
                        "printedName": "Swift.String",
                        "usr": "s:SS"
                      }
                    ],
                    "usr": "s:Sq"
                  }
                ],
                "declKind": "Accessor",
                "usr": "c:@M@Beth@objc(cs)Beth(cm)setSessionToken:",
                "mangledName": "$s4BethAAC12sessionTokenSSSgvsZ",
                "moduleName": "Beth",
                "static": true,
                "implicit": true,
                "declAttributes": [
                  "Final",
                  "ObjC"
                ],
                "accessorKind": "set"
              },
              {
                "kind": "Accessor",
                "name": "Modify",
                "printedName": "Modify()",
                "children": [
                  {
                    "kind": "TypeNominal",
                    "name": "Void",
                    "printedName": "()"
                  }
                ],
                "declKind": "Accessor",
                "usr": "s:4BethAAC12sessionTokenSSSgvMZ",
                "mangledName": "$s4BethAAC12sessionTokenSSSgvMZ",
                "moduleName": "Beth",
                "static": true,
                "implicit": true,
                "declAttributes": [
                  "Final"
                ],
                "accessorKind": "_modify"
              }
            ]
          },
          {
            "kind": "Var",
            "name": "isDevelopment",
            "printedName": "isDevelopment",
            "children": [
              {
                "kind": "TypeNominal",
                "name": "Bool",
                "printedName": "Swift.Bool",
                "usr": "s:Sb"
              }
            ],
            "declKind": "Var",
            "usr": "c:@M@Beth@objc(cs)Beth(cpy)isDevelopment",
            "mangledName": "$s4BethAAC13isDevelopmentSbvpZ",
            "moduleName": "Beth",
            "static": true,
            "declAttributes": [
              "HasInitialValue",
              "Final",
              "HasStorage",
              "AccessControl",
              "ObjC"
            ],
            "hasStorage": true,
            "accessors": [
              {
                "kind": "Accessor",
                "name": "Get",
                "printedName": "Get()",
                "children": [
                  {
                    "kind": "TypeNominal",
                    "name": "Bool",
                    "printedName": "Swift.Bool",
                    "usr": "s:Sb"
                  }
                ],
                "declKind": "Accessor",
                "usr": "c:@M@Beth@objc(cs)Beth(cm)isDevelopment",
                "mangledName": "$s4BethAAC13isDevelopmentSbvgZ",
                "moduleName": "Beth",
                "static": true,
                "implicit": true,
                "declAttributes": [
                  "Final",
                  "ObjC"
                ],
                "accessorKind": "get"
              },
              {
                "kind": "Accessor",
                "name": "Set",
                "printedName": "Set()",
                "children": [
                  {
                    "kind": "TypeNominal",
                    "name": "Void",
                    "printedName": "()"
                  },
                  {
                    "kind": "TypeNominal",
                    "name": "Bool",
                    "printedName": "Swift.Bool",
                    "usr": "s:Sb"
                  }
                ],
                "declKind": "Accessor",
                "usr": "c:@M@Beth@objc(cs)Beth(cm)setIsDevelopment:",
                "mangledName": "$s4BethAAC13isDevelopmentSbvsZ",
                "moduleName": "Beth",
                "static": true,
                "implicit": true,
                "declAttributes": [
                  "Final",
                  "ObjC"
                ],
                "accessorKind": "set"
              },
              {
                "kind": "Accessor",
                "name": "Modify",
                "printedName": "Modify()",
                "children": [
                  {
                    "kind": "TypeNominal",
                    "name": "Void",
                    "printedName": "()"
                  }
                ],
                "declKind": "Accessor",
                "usr": "s:4BethAAC13isDevelopmentSbvMZ",
                "mangledName": "$s4BethAAC13isDevelopmentSbvMZ",
                "moduleName": "Beth",
                "static": true,
                "implicit": true,
                "declAttributes": [
                  "Final"
                ],
                "accessorKind": "_modify"
              }
            ]
          },
          {
            "kind": "Var",
            "name": "page",
            "printedName": "page",
            "children": [
              {
                "kind": "TypeNominal",
                "name": "Optional",
                "printedName": "Swift.String?",
                "children": [
                  {
                    "kind": "TypeNominal",
                    "name": "String",
                    "printedName": "Swift.String",
                    "usr": "s:SS"
                  }
                ],
                "usr": "s:Sq"
              }
            ],
            "declKind": "Var",
            "usr": "c:@M@Beth@objc(cs)Beth(cpy)page",
            "mangledName": "$s4BethAAC4pageSSSgvpZ",
            "moduleName": "Beth",
            "static": true,
            "declAttributes": [
              "HasInitialValue",
              "Final",
              "HasStorage",
              "AccessControl",
              "ObjC"
            ],
            "hasStorage": true,
            "accessors": [
              {
                "kind": "Accessor",
                "name": "Get",
                "printedName": "Get()",
                "children": [
                  {
                    "kind": "TypeNominal",
                    "name": "Optional",
                    "printedName": "Swift.String?",
                    "children": [
                      {
                        "kind": "TypeNominal",
                        "name": "String",
                        "printedName": "Swift.String",
                        "usr": "s:SS"
                      }
                    ],
                    "usr": "s:Sq"
                  }
                ],
                "declKind": "Accessor",
                "usr": "c:@M@Beth@objc(cs)Beth(cm)page",
                "mangledName": "$s4BethAAC4pageSSSgvgZ",
                "moduleName": "Beth",
                "static": true,
                "implicit": true,
                "declAttributes": [
                  "Final",
                  "ObjC"
                ],
                "accessorKind": "get"
              },
              {
                "kind": "Accessor",
                "name": "Set",
                "printedName": "Set()",
                "children": [
                  {
                    "kind": "TypeNominal",
                    "name": "Void",
                    "printedName": "()"
                  },
                  {
                    "kind": "TypeNominal",
                    "name": "Optional",
                    "printedName": "Swift.String?",
                    "children": [
                      {
                        "kind": "TypeNominal",
                        "name": "String",
                        "printedName": "Swift.String",
                        "usr": "s:SS"
                      }
                    ],
                    "usr": "s:Sq"
                  }
                ],
                "declKind": "Accessor",
                "usr": "c:@M@Beth@objc(cs)Beth(cm)setPage:",
                "mangledName": "$s4BethAAC4pageSSSgvsZ",
                "moduleName": "Beth",
                "static": true,
                "implicit": true,
                "declAttributes": [
                  "Final",
                  "ObjC"
                ],
                "accessorKind": "set"
              },
              {
                "kind": "Accessor",
                "name": "Modify",
                "printedName": "Modify()",
                "children": [
                  {
                    "kind": "TypeNominal",
                    "name": "Void",
                    "printedName": "()"
                  }
                ],
                "declKind": "Accessor",
                "usr": "s:4BethAAC4pageSSSgvMZ",
                "mangledName": "$s4BethAAC4pageSSSgvMZ",
                "moduleName": "Beth",
                "static": true,
                "implicit": true,
                "declAttributes": [
                  "Final"
                ],
                "accessorKind": "_modify"
              }
            ]
          },
          {
            "kind": "Constructor",
            "name": "init",
            "printedName": "init()",
            "children": [
              {
                "kind": "TypeNominal",
                "name": "Beth",
                "printedName": "Beth.Beth",
                "usr": "c:@M@Beth@objc(cs)Beth"
              }
            ],
            "declKind": "Constructor",
            "usr": "c:@M@Beth@objc(cs)Beth(im)init",
            "mangledName": "$s4BethAACABycfc",
            "moduleName": "Beth",
            "overriding": true,
            "implicit": true,
            "objc_name": "init",
            "declAttributes": [
              "Dynamic",
              "ObjC",
              "Override"
            ],
            "init_kind": "Designated"
          }
        ],
        "declKind": "Class",
        "usr": "c:@M@Beth@objc(cs)Beth",
        "mangledName": "$s4BethAAC",
        "moduleName": "Beth",
        "declAttributes": [
          "AccessControl",
          "ObjCMembers",
          "ObjC"
        ],
        "superclassUsr": "c:objc(cs)NSObject",
        "inheritsConvenienceInitializers": true,
        "superclassNames": [
          "ObjectiveC.NSObject"
        ],
        "conformances": [
          {
            "kind": "Conformance",
            "name": "Equatable",
            "printedName": "Equatable",
            "usr": "s:SQ",
            "mangledName": "$sSQ"
          },
          {
            "kind": "Conformance",
            "name": "Hashable",
            "printedName": "Hashable",
            "usr": "s:SH",
            "mangledName": "$sSH"
          },
          {
            "kind": "Conformance",
            "name": "CVarArg",
            "printedName": "CVarArg",
            "usr": "s:s7CVarArgP",
            "mangledName": "$ss7CVarArgP"
          },
          {
            "kind": "Conformance",
            "name": "_KeyValueCodingAndObservingPublishing",
            "printedName": "_KeyValueCodingAndObservingPublishing",
            "usr": "s:10Foundation37_KeyValueCodingAndObservingPublishingP",
            "mangledName": "$s10Foundation37_KeyValueCodingAndObservingPublishingP"
          },
          {
            "kind": "Conformance",
            "name": "_KeyValueCodingAndObserving",
            "printedName": "_KeyValueCodingAndObserving",
            "usr": "s:10Foundation27_KeyValueCodingAndObservingP",
            "mangledName": "$s10Foundation27_KeyValueCodingAndObservingP"
          },
          {
            "kind": "Conformance",
            "name": "CustomStringConvertible",
            "printedName": "CustomStringConvertible",
            "usr": "s:s23CustomStringConvertibleP",
            "mangledName": "$ss23CustomStringConvertibleP"
          },
          {
            "kind": "Conformance",
            "name": "CustomDebugStringConvertible",
            "printedName": "CustomDebugStringConvertible",
            "usr": "s:s28CustomDebugStringConvertibleP",
            "mangledName": "$ss28CustomDebugStringConvertibleP"
          }
        ]
      }
    ],
    "json_format_version": 8
  },
  "ConstValues": [
    {
      "filePath": "\/Users\/justinkiang\/XcodeProjects\/beth-ios-source\/Beth\/Beth.swift",
      "kind": "BooleanLiteral",
      "offset": 284,
      "length": 5,
      "value": "false"
    },
    {
      "filePath": "\/Users\/justinkiang\/XcodeProjects\/beth-ios-source\/Beth\/Beth.swift",
      "kind": "StringLiteral",
      "offset": 467,
      "length": 31,
      "value": "\"BethUnreadMessageCountUpdated\""
    },
    {
      "filePath": "\/Users\/justinkiang\/XcodeProjects\/beth-ios-source\/Beth\/Beth.swift",
      "kind": "StringLiteral",
      "offset": 525,
      "length": 7,
      "value": "\"count\""
    },
    {
      "filePath": "\/Users\/justinkiang\/XcodeProjects\/beth-ios-source\/Beth\/Beth.swift",
      "kind": "IntegerLiteral",
      "offset": 376,
      "length": 1,
      "value": "0"
    },
    {
      "filePath": "\/Users\/justinkiang\/XcodeProjects\/beth-ios-source\/Beth\/Beth.swift",
      "kind": "IntegerLiteral",
      "offset": 937,
      "length": 1,
      "value": "0"
    },
    {
      "filePath": "\/Users\/justinkiang\/XcodeProjects\/beth-ios-source\/Beth\/Beth.swift",
      "kind": "BooleanLiteral",
      "offset": 971,
      "length": 5,
      "value": "false"
    },
    {
      "filePath": "\/Users\/justinkiang\/XcodeProjects\/beth-ios-source\/Beth\/Beth.swift",
      "kind": "StringLiteral",
      "offset": 1066,
      "length": 19,
      "value": "\"^[0-9a-fA-F]{24}$\""
    },
    {
      "filePath": "\/Users\/justinkiang\/XcodeProjects\/beth-ios-source\/Beth\/Beth.swift",
      "kind": "StringLiteral",
      "offset": 1406,
      "length": 32,
      "value": "\"ConversationID not set not set\""
    },
    {
      "filePath": "\/Users\/justinkiang\/XcodeProjects\/beth-ios-source\/Beth\/Beth.swift",
      "kind": "StringLiteral",
      "offset": 1503,
      "length": 54,
      "value": "\"wss:\/\/ws.beth-ai.chat\/conversation\/\""
    },
    {
      "filePath": "\/Users\/justinkiang\/XcodeProjects\/beth-ios-source\/Beth\/Beth.swift",
      "kind": "StringLiteral",
      "offset": 1556,
      "length": 1,
      "value": "\"\""
    },
    {
      "filePath": "\/Users\/justinkiang\/XcodeProjects\/beth-ios-source\/Beth\/Beth.swift",
      "kind": "StringLiteral",
      "offset": 1609,
      "length": 58,
      "value": "\"wss:\/\/dev-ws.beth-ai.chat\/conversation\/\""
    },
    {
      "filePath": "\/Users\/justinkiang\/XcodeProjects\/beth-ios-source\/Beth\/Beth.swift",
      "kind": "StringLiteral",
      "offset": 1666,
      "length": 1,
      "value": "\"\""
    },
    {
      "filePath": "\/Users\/justinkiang\/XcodeProjects\/beth-ios-source\/Beth\/Beth.swift",
      "kind": "IntegerLiteral",
      "offset": 1953,
      "length": 1,
      "value": "0"
    },
    {
      "filePath": "\/Users\/justinkiang\/XcodeProjects\/beth-ios-source\/Beth\/Beth.swift",
      "kind": "StringLiteral",
      "offset": 2145,
      "length": 38,
      "value": "\"Error in receiving message: \""
    },
    {
      "filePath": "\/Users\/justinkiang\/XcodeProjects\/beth-ios-source\/Beth\/Beth.swift",
      "kind": "StringLiteral",
      "offset": 2182,
      "length": 2,
      "value": "\"\""
    },
    {
      "filePath": "\/Users\/justinkiang\/XcodeProjects\/beth-ios-source\/Beth\/Beth.swift",
      "kind": "StringLiteral",
      "offset": 2432,
      "length": 40,
      "value": "\"Received a message that's not a string\""
    },
    {
      "filePath": "\/Users\/justinkiang\/XcodeProjects\/beth-ios-source\/Beth\/Beth.swift",
      "kind": "IntegerLiteral",
      "offset": 2933,
      "length": 1,
      "value": "1"
    },
    {
      "filePath": "\/Users\/justinkiang\/XcodeProjects\/beth-ios-source\/Beth\/Beth.swift",
      "kind": "StringLiteral",
      "offset": 2983,
      "length": 34,
      "value": "\"Error decoding message: \""
    },
    {
      "filePath": "\/Users\/justinkiang\/XcodeProjects\/beth-ios-source\/Beth\/Beth.swift",
      "kind": "StringLiteral",
      "offset": 3016,
      "length": 2,
      "value": "\"\""
    },
    {
      "filePath": "\/Users\/justinkiang\/XcodeProjects\/beth-ios-source\/Beth\/Beth.swift",
      "kind": "IntegerLiteral",
      "offset": 3121,
      "length": 2,
      "value": "30"
    },
    {
      "filePath": "\/Users\/justinkiang\/XcodeProjects\/beth-ios-source\/Beth\/Beth.swift",
      "kind": "IntegerLiteral",
      "offset": 3221,
      "length": 1,
      "value": "1"
    },
    {
      "filePath": "\/Users\/justinkiang\/XcodeProjects\/beth-ios-source\/Beth\/Beth.swift",
      "kind": "IntegerLiteral",
      "offset": 3345,
      "length": 1,
      "value": "2"
    },
    {
      "filePath": "\/Users\/justinkiang\/XcodeProjects\/beth-ios-source\/Beth\/Beth.swift",
      "kind": "StringLiteral",
      "offset": 3885,
      "length": 14,
      "value": "\"closeWebView\""
    },
    {
      "filePath": "\/Users\/justinkiang\/XcodeProjects\/beth-ios-source\/Beth\/Beth.swift",
      "kind": "BooleanLiteral",
      "offset": 3955,
      "length": 4,
      "value": "true"
    },
    {
      "filePath": "\/Users\/justinkiang\/XcodeProjects\/beth-ios-source\/Beth\/Beth.swift",
      "kind": "BooleanLiteral",
      "offset": 4008,
      "length": 5,
      "value": "false"
    },
    {
      "filePath": "\/Users\/justinkiang\/XcodeProjects\/beth-ios-source\/Beth\/Beth.swift",
      "kind": "StringLiteral",
      "offset": 4053,
      "length": 19,
      "value": "\"setConversationID\""
    },
    {
      "filePath": "\/Users\/justinkiang\/XcodeProjects\/beth-ios-source\/Beth\/Beth.swift",
      "kind": "StringLiteral",
      "offset": 3500,
      "length": 20,
      "value": "\"Beth.ScriptMessageHandler\""
    },
    {
      "filePath": "\/Users\/justinkiang\/XcodeProjects\/beth-ios-source\/Beth\/Beth.swift",
      "kind": "StringLiteral",
      "offset": 4627,
      "length": 34,
      "value": "\"API Key or Session Token not set\""
    },
    {
      "filePath": "\/Users\/justinkiang\/XcodeProjects\/beth-ios-source\/Beth\/Beth.swift",
      "kind": "StringLiteral",
      "offset": 4717,
      "length": 51,
      "value": "\"https:\/\/iframe2.beth-ai.chat\/ios.html?a=\""
    },
    {
      "filePath": "\/Users\/justinkiang\/XcodeProjects\/beth-ios-source\/Beth\/Beth.swift",
      "kind": "StringLiteral",
      "offset": 4767,
      "length": 1,
      "value": "\"\""
    },
    {
      "filePath": "\/Users\/justinkiang\/XcodeProjects\/beth-ios-source\/Beth\/Beth.swift",
      "kind": "StringLiteral",
      "offset": 4955,
      "length": 20,
      "value": "\"&s=\""
    },
    {
      "filePath": "\/Users\/justinkiang\/XcodeProjects\/beth-ios-source\/Beth\/Beth.swift",
      "kind": "StringLiteral",
      "offset": 4974,
      "length": 1,
      "value": "\"\""
    },
    {
      "filePath": "\/Users\/justinkiang\/XcodeProjects\/beth-ios-source\/Beth\/Beth.swift",
      "kind": "StringLiteral",
      "offset": 5161,
      "length": 19,
      "value": "\"&p=\""
    },
    {
      "filePath": "\/Users\/justinkiang\/XcodeProjects\/beth-ios-source\/Beth\/Beth.swift",
      "kind": "StringLiteral",
      "offset": 5179,
      "length": 1,
      "value": "\"\""
    },
    {
      "filePath": "\/Users\/justinkiang\/XcodeProjects\/beth-ios-source\/Beth\/Beth.swift",
      "kind": "StringLiteral",
      "offset": 5257,
      "length": 16,
      "value": "\"&e=development\""
    },
    {
      "filePath": "\/Users\/justinkiang\/XcodeProjects\/beth-ios-source\/Beth\/Beth.swift",
      "kind": "StringLiteral",
      "offset": 5374,
      "length": 13,
      "value": "\"Invalid URL\""
    },
    {
      "filePath": "\/Users\/justinkiang\/XcodeProjects\/beth-ios-source\/Beth\/Beth.swift",
      "kind": "StringLiteral",
      "offset": 5741,
      "length": 14,
      "value": "\"closeWebView\""
    },
    {
      "filePath": "\/Users\/justinkiang\/XcodeProjects\/beth-ios-source\/Beth\/Beth.swift",
      "kind": "StringLiteral",
      "offset": 5829,
      "length": 19,
      "value": "\"setConversationID\""
    },
    {
      "filePath": "\/Users\/justinkiang\/XcodeProjects\/beth-ios-source\/Beth\/Beth.swift",
      "kind": "BooleanLiteral",
      "offset": 5990,
      "length": 5,
      "value": "false"
    },
    {
      "filePath": "\/Users\/justinkiang\/XcodeProjects\/beth-ios-source\/Beth\/Beth.swift",
      "kind": "FloatLiteral",
      "offset": 6654,
      "length": 4,
      "value": "10.0"
    },
    {
      "filePath": "\/Users\/justinkiang\/XcodeProjects\/beth-ios-source\/Beth\/Beth.swift",
      "kind": "BooleanLiteral",
      "offset": 6885,
      "length": 4,
      "value": "true"
    },
    {
      "filePath": "\/Users\/justinkiang\/XcodeProjects\/beth-ios-source\/Beth\/Beth.swift",
      "kind": "BooleanLiteral",
      "offset": 7132,
      "length": 4,
      "value": "true"
    },
    {
      "filePath": "\/Users\/justinkiang\/XcodeProjects\/beth-ios-source\/Beth\/Beth.swift",
      "kind": "BooleanLiteral",
      "offset": 7197,
      "length": 4,
      "value": "true"
    },
    {
      "filePath": "\/Users\/justinkiang\/XcodeProjects\/beth-ios-source\/Beth\/Beth.swift",
      "kind": "IntegerLiteral",
      "offset": 7228,
      "length": 1,
      "value": "0"
    }
  ]
}